source_id,source_name,source_file_name,source_sheet_name,source_row_number,product_name_raw,product_id,product_name_standardized,product_grade,market_region,pricing_date,trade_date,price,currency,unit_of_measure,quantity,observation_type,broker,counterparty,confidence_score,validation_status,review_required,created_timestamp
SRC-0001,Broker1,Broker1.csv,Sheet1,2,WTI Crude,PROD-WTI-001,WTI Crude Oil,Light Sweet,US Gulf Coast,2026-07-15,2026-07-15,78.45,USD,BBL,500.0,Trade,Broker1,Internal Trader,1.0,Validated,False,2026-08-15 12:45:51
SRC-0002,Broker1,Broker1.csv,Sheet1,3,ULSD,PROD-ULSD-001,Ultra-Low-Sulfur Diesel,15 ppm,US Gulf Coast,2026-07-15,2026-07-15,2.415,USD,GAL,1000.0,Trade,Broker1,John Smith,1.0,Validated,False,2026-08-15 12:45:51
SRC-0003,Broker1,Broker1.csv,Sheet1,4,Brent Crude,PROD-BRENT-001,Brent Crude Oil,Light Sweet,North Sea,2026-07-15,2026-07-15,76.9,USD,BBL,750.0,Trade,Broker1,EU Trader,1.0,Validated,False,2026-08-15 12:45:51
SRC-0004,Broker1,Broker1.csv,Sheet1,5,Premium Gas,PROD-PREMGAS-001,Premium Gasoline,92 Octane,US Gulf Coast,2026-07-15,2026-07-15,2.589,USD,GAL,500.0,Trade,Broker1,Jane Doe,1.0,Validated,False,2026-08-15 12:45:51
SRC-0005,Broker1,Broker1.csv,Sheet1,6,Fuel Oil No 2,PROD-FUELOIL-001,Fuel Oil No. 2,Standard,US Gulf Coast,2026-07-15,2026-07-15,2.675,USD,GAL,250.0,Trade,Broker1,Bob Johnson,1.0,Validated,False,2026-08-15 12:45:51
SRC-0006,Broker1,Broker1.csv,Sheet1,7,WTI Crude,PROD-WTI-001,WTI Crude Oil,Light Sweet,US Gulf Coast,2026-07-16,2026-07-16,78.6,USD,BBL,600.0,Trade,Broker1,Internal Trader,1.0,Validated,False,2026-08-15 12:45:51
SRC-0007,Broker1,Broker1.csv,Sheet1,8,ULSD,PROD-ULSD-001,Ultra-Low-Sulfur Diesel,15 ppm,US Gulf Coast,2026-07-16,2026-07-16,2.42,USD,GAL,800.0,Trade,Broker1,John Smith,1.0,Validated,False,2026-08-15 12:45:51
SRC-0008,Broker1,Broker1.csv,Sheet1,9,Brent Crude,PROD-BRENT-001,Brent Crude Oil,Light Sweet,North Sea,2026-07-16,2026-07-16,77.05,USD,BBL,500.0,Trade,Broker1,EU Trader,1.0,Validated,False,2026-08-15 12:45:51
SRC-0009,Broker1,Broker1.csv,Sheet1,10,Premium Gas,PROD-PREMGAS-001,Premium Gasoline,92 Octane,US Gulf Coast,2026-07-16,2026-07-16,2.6,USD,GAL,650.0,Trade,Broker1,Jane Doe,1.0,Validated,False,2026-08-15 12:45:51
SRC-0010,Broker1,Broker1.csv,Sheet1,11,Fuel Oil No 2,PROD-FUELOIL-001,Fuel Oil No. 2,Standard,US Gulf Coast,2026-07-16,2026-07-16,2.69,USD,GAL,300.0,Trade,Broker1,Bob Johnson,1.0,Validated,False,2026-08-15 12:45:51
SRC-0011,Broker2,Broker2.csv,Sheet1,2,Crude Oil WTI,PROD-WTI-001,WTI Crude Oil,Light Sweet Blend,US Gulf Coast,2026-07-15,2026-07-15,78.45,USD,BBL,550.0,Trade,Broker2,Shell Trading Desk,1.0,Validated,False,2026-08-15 12:45:51
SRC-0012,Broker2,Broker2.csv,Sheet1,3,Ultra Low Sulfur Diesel,PROD-ULSD-001,Ultra-Low-Sulfur Diesel,15 ppm sulfur,US Gulf Coast,2026-07-15,2026-07-15,2.41,USD,GAL,1000.0,Trade,Broker2,Major Refiner,1.0,Validated,False,2026-08-15 12:45:51
SRC-0013,Broker2,Broker2.csv,Sheet1,4,Brent,PROD-BRENT-001,Brent Crude Oil,Sweet Crude,North Sea,2026-07-15,2026-07-15,76.88,USD,BBL,750.0,Trade,Broker2,European Broker,1.0,Validated,False,2026-08-15 12:45:51
SRC-0014,Broker2,Broker2.csv,Sheet1,5,Regular Gasoline,PROD-REGGAS-001,Regular Gasoline,87 Octane,US Gulf Coast,2026-07-15,2026-07-15,2.48,USD,GAL,575.0,Trade,Broker2,Regional Supplier,1.0,Validated,False,2026-08-15 12:45:51
SRC-0015,Broker2,Broker2.csv,Sheet1,6,Crude Oil WTI,PROD-WTI-001,WTI Crude Oil,Light Sweet Blend,US Gulf Coast,2026-07-16,2026-07-16,78.6,USD,BBL,550.0,Trade,Broker2,Shell Trading Desk,1.0,Validated,False,2026-08-15 12:45:51
SRC-0016,Broker2,Broker2.csv,Sheet1,7,Ultra Low Sulfur Diesel,PROD-ULSD-001,Ultra-Low-Sulfur Diesel,15 ppm sulfur,US Gulf Coast,2026-07-16,2026-07-16,2.42,USD,GAL,1000.0,Trade,Broker2,Major Refiner,1.0,Validated,False,2026-08-15 12:45:51
SRC-0017,Broker2,Broker2.csv,Sheet1,8,Brent,PROD-BRENT-001,Brent Crude Oil,Sweet Crude,North Sea,2026-07-16,2026-07-16,77.02,USD,BBL,750.0,Trade,Broker2,European Broker,1.0,Validated,False,2026-08-15 12:45:51
SRC-0018,Broker2,Broker2.csv,Sheet1,9,Regular Gasoline,PROD-REGGAS-001,Regular Gasoline,87 Octane,US Gulf Coast,2026-07-16,2026-07-16,2.5,USD,GAL,575.0,Trade,Broker2,Regional Supplier,1.0,Validated,False,2026-08-15 12:45:51
SRC-0019,Broker2,Broker2.csv,Sheet1,10,Heating Oil,PROD-HEATOIL-001,Heating Oil,#2 Distillate,US Northeast,2026-07-16,2026-07-16,2.68,USD,GAL,275.0,Trade,Broker2,Northeast Supplier,1.0,Validated,False,2026-08-15 12:45:51
SRC-0020,Broker3,Broker3.csv,Sheet1,2,West Texas Intermediate Crude,PROD-WTI-001,WTI Crude Oil,Light Sweet,US Gulf Coast,2026-07-15,2026-07-15,78.45,USD,Barrel,500.0,Trade,Commerical Bank A,Unknown / Benchmark,1.0,Validated,False,2026-08-15 12:45:51
SRC-0021,Broker3,Broker3.csv,Sheet1,3,Ultra Low Sulfur Diesel #2,PROD-ULSD-001,Ultra-Low-Sulfur Diesel,15 ppm,US Gulf Coast,2026-07-15,2026-07-15,2.41,USD,Gallon,1200.0,Trade,Energy Trader B,Unknown / Benchmark,1.0,Validated,False,2026-08-15 12:45:51
SRC-0022,Broker3,Broker3.csv,Sheet1,4,Brent Crude Oil,PROD-BRENT-001,Brent Crude Oil,Light Sweet,North Sea,2026-07-15,2026-07-15,76.9,USD,Barrel,750.0,Trade,International Broker C,Unknown / Benchmark,1.0,Validated,False,2026-08-15 12:45:51
SRC-0023,Broker3,Broker3.csv,Sheet1,5,Reformulated Gasoline,PROD-REGGAS-001,Regular Gasoline,87 Octane,US Northeast,2026-07-15,2026-07-15,2.59,USD,GAL,500.0,Trade,Regional Distributor D,Unknown / Benchmark,1.0,Validated,False,2026-08-15 12:45:51
SRC-0024,Broker3,Broker3.csv,Sheet1,6,Heating Oil,PROD-HEATOIL-001,Heating Oil,#2 Distillate,US Northeast,2026-07-15,2026-07-15,2.67,USD,Gallon,250.0,Trade,Supplier E,Unknown / Benchmark,1.0,Validated,False,2026-08-15 12:45:51
SRC-0025,Broker3,Broker3.csv,Sheet1,7,West Texas Intermediate Crude,PROD-WTI-001,WTI Crude Oil,Light Sweet,US Gulf Coast,2026-07-16,2026-07-16,78.6,USD,Barrel,600.0,Trade,Commerical Bank A,Unknown / Benchmark,1.0,Validated,False,2026-08-15 12:45:51
SRC-0026,Broker3,Broker3.csv,Sheet1,8,Ultra Low Sulfur Diesel #2,PROD-ULSD-001,Ultra-Low-Sulfur Diesel,15 ppm,US Gulf Coast,2026-07-16,2026-07-16,2.42,USD,Gallon,1000.0,Trade,Energy Trader B,Unknown / Benchmark,1.0,Validated,False,2026-08-15 12:45:51
SRC-0027,Broker3,Broker3.csv,Sheet1,9,Brent Crude Oil,PROD-BRENT-001,Brent Crude Oil,Light Sweet,North Sea,2026-07-16,2026-07-16,77.05,USD,Barrel,800.0,Trade,International Broker C,Unknown / Benchmark,1.0,Validated,False,2026-08-15 12:45:51
SRC-0028,Broker3,Broker3.csv,Sheet1,10,Reformulated Gasoline,PROD-REGGAS-001,Regular Gasoline,87 Octane,US Northeast,2026-07-16,2026-07-16,2.6,USD,GAL,650.0,Trade,Regional Distributor D,Unknown / Benchmark,1.0,Validated,False,2026-08-15 12:45:51
SRC-0029,Broker3,Broker3.csv,Sheet1,11,Heating Oil,PROD-HEATOIL-001,Heating Oil,#2 Distillate,US Northeast,2026-07-16,2026-07-16,2.7,USD,Gallon,300.0,Trade,Supplier E,Unknown / Benchmark,1.0,Validated,False,2026-08-15 12:45:51
