source_id,source_file_name,source_sheet_name,source_row_number,product_name_raw,product_id,product_name_standardized,product_grade,pricing_date,trade_date,price,quantity,counterparty,confidence_score,validation_status,review_required,created_timestamp,pricing_year,pricing_month,pricing_day,pricing_dayofweek,is_weekend,total_notional_value,price_per_bbl,quantity_bbl,price_pct_diff_from_avg,market_region_North Sea,market_region_US Gulf Coast,market_region_US Northeast,observation_type_Trade,currency_USD,product_id_encoded,product_grade_encoded,source_name_Broker1,source_name_Broker2,source_name_Broker3,unit_of_measure_BBL,unit_of_measure_Barrel,unit_of_measure_GAL,unit_of_measure_Gallon,broker_Broker1,broker_Broker2,broker_Commerical Bank A,broker_Energy Trader B,broker_International Broker C,broker_Regional Distributor D,broker_Supplier E,counterparty_freq_encoded
SRC-0001,Broker1.csv,Sheet1,2,WTI Crude,PROD-WTI-001,WTI Crude Oil,Light Sweet,2026-07-15,2026-07-15,78.45,500.0,Internal Trader,1.0,Validated,0,2026-08-15 12:54:47,2026,7,15,2,0,39225.0,78.45,500.0,-0.0955109837631183,0,1,0,1,1,6,5,1,0,0,1,0,0,0,1,0,0,0,0,0,0,0.06896551724137931
SRC-0002,Broker1.csv,Sheet1,3,ULSD,PROD-ULSD-001,Ultra-Low-Sulfur Diesel,15 ppm,2026-07-15,2026-07-15,2.415,1000.0,John Smith,1.0,Validated,0,2026-08-15 12:54:47,2026,7,15,2,0,2415.0,101.43,23.80952380952381,48.15950920245401,0,1,0,1,1,5,1,1,0,0,0,0,1,0,1,0,0,0,0,0,0,0.06896551724137931
SRC-0003,Broker1.csv,Sheet1,4,Brent Crude,PROD-BRENT-001,Brent Crude Oil,Light Sweet,2026-07-15,2026-07-15,76.9,750.0,EU Trader,1.0,Validated,0,2026-08-15 12:54:47,2026,7,15,2,0,57675.00000000001,76.9,750.0,-0.086617583369419,1,0,0,1,1,0,5,1,0,0,1,0,0,0,1,0,0,0,0,0,0,0.06896551724137931
SRC-0004,Broker1.csv,Sheet1,5,Premium Gas,PROD-PREMGAS-001,Premium Gasoline,92 Octane,2026-07-15,2026-07-15,2.589,500.0,Jane Doe,1.0,Validated,0,2026-08-15 12:54:47,2026,7,15,2,0,1294.5,108.738,11.904761904761903,-0.2119868953555548,0,1,0,1,1,3,4,1,0,0,0,0,1,0,1,0,0,0,0,0,0,0.06896551724137931
SRC-0005,Broker1.csv,Sheet1,6,Fuel Oil No 2,PROD-FUELOIL-001,Fuel Oil No. 2,Standard,2026-07-15,2026-07-15,2.675,250.0,Bob Johnson,1.0,Validated,0,2026-08-15 12:54:47,2026,7,15,2,0,668.75,112.35,5.9523809523809526,-0.2795899347623465,0,1,0,1,1,1,7,1,0,0,0,0,1,0,1,0,0,0,0,0,0,0.06896551724137931
SRC-0006,Broker1.csv,Sheet1,7,WTI Crude,PROD-WTI-001,WTI Crude Oil,Light Sweet,2026-07-16,2026-07-16,78.6,600.0,Internal Trader,1.0,Validated,0,2026-08-15 12:54:47,2026,7,16,3,0,47160.0,78.6,600.0,0.0955109837631364,0,1,0,1,1,6,5,1,0,0,1,0,0,0,1,0,0,0,0,0,0,0.06896551724137931
SRC-0007,Broker1.csv,Sheet1,8,ULSD,PROD-ULSD-001,Ultra-Low-Sulfur Diesel,15 ppm,2026-07-16,2026-07-16,2.42,800.0,John Smith,1.0,Validated,0,2026-08-15 12:54:47,2026,7,16,3,0,1936.0,101.64,19.047619047619047,48.46625766871167,0,1,0,1,1,5,1,1,0,0,0,0,1,0,1,0,0,0,0,0,0,0.06896551724137931
SRC-0008,Broker1.csv,Sheet1,9,Brent Crude,PROD-BRENT-001,Brent Crude Oil,Light Sweet,2026-07-16,2026-07-16,77.05,500.0,EU Trader,1.0,Validated,0,2026-08-15 12:54:47,2026,7,16,3,0,38525.0,77.05,500.0,0.1082719792117738,1,0,0,1,1,0,5,1,0,0,1,0,0,0,1,0,0,0,0,0,0,0.06896551724137931
SRC-0009,Broker1.csv,Sheet1,10,Premium Gas,PROD-PREMGAS-001,Premium Gasoline,92 Octane,2026-07-16,2026-07-16,2.6,650.0,Jane Doe,1.0,Validated,0,2026-08-15 12:54:47,2026,7,16,3,0,1690.0,109.2,15.476190476190476,0.2119868953555679,0,1,0,1,1,3,4,1,0,0,0,0,1,0,1,0,0,0,0,0,0,0.06896551724137931
SRC-0010,Broker1.csv,Sheet1,11,Fuel Oil No 2,PROD-FUELOIL-001,Fuel Oil No. 2,Standard,2026-07-16,2026-07-16,2.69,300.0,Bob Johnson,1.0,Validated,0,2026-08-15 12:54:47,2026,7,16,3,0,807.0,112.98,7.142857142857143,0.2795899347623591,0,1,0,1,1,1,7,1,0,0,0,0,1,0,1,0,0,0,0,0,0,0.06896551724137931
SRC-0011,Broker2.csv,Sheet1,2,Crude Oil WTI,PROD-WTI-001,WTI Crude Oil,Light Sweet Blend,2026-07-15,2026-07-15,78.45,550.0,Shell Trading Desk,1.0,Validated,0,2026-08-15 12:54:47,2026,7,15,2,0,43147.5,78.45,550.0,-0.0955109837631183,0,1,0,1,1,6,6,0,1,0,1,0,0,0,0,1,0,0,0,0,0,0.06896551724137931
SRC-0012,Broker2.csv,Sheet1,3,Ultra Low Sulfur Diesel,PROD-ULSD-001,Ultra-Low-Sulfur Diesel,15 ppm sulfur,2026-07-15,2026-07-15,2.41,1000.0,Major Refiner,1.0,Validated,0,2026-08-15 12:54:47,2026,7,15,2,0,2410.0,101.22,23.80952380952381,47.85276073619633,0,1,0,1,1,5,2,0,1,0,0,0,1,0,0,1,0,0,0,0,0,0.06896551724137931
SRC-0013,Broker2.csv,Sheet1,4,Brent,PROD-BRENT-001,Brent Crude Oil,Sweet Crude,2026-07-15,2026-07-15,76.88,750.0,European Broker,1.0,Validated,0,2026-08-15 12:54:47,2026,7,15,2,0,57660.0,76.88,750.0,-0.1126028583802595,1,0,0,1,1,0,8,0,1,0,1,0,0,0,0,1,0,0,0,0,0,0.06896551724137931
SRC-0014,Broker2.csv,Sheet1,5,Regular Gasoline,PROD-REGGAS-001,Regular Gasoline,87 Octane,2026-07-15,2026-07-15,2.48,575.0,Regional Supplier,1.0,Validated,0,2026-08-15 12:54:47,2026,7,15,2,0,1426.0,104.16,13.69047619047619,-2.4582104228121926,0,1,0,1,1,4,3,0,1,0,0,0,1,0,0,1,0,0,0,0,0,0.06896551724137931
SRC-0015,Broker2.csv,Sheet1,6,Crude Oil WTI,PROD-WTI-001,WTI Crude Oil,Light Sweet Blend,2026-07-16,2026-07-16,78.6,550.0,Shell Trading Desk,1.0,Validated,0,2026-08-15 12:54:47,2026,7,16,3,0,43230.0,78.6,550.0,0.0955109837631364,0,1,0,1,1,6,6,0,1,0,1,0,0,0,0,1,0,0,0,0,0,0.06896551724137931
SRC-0016,Broker2.csv,Sheet1,7,Ultra Low Sulfur Diesel,PROD-ULSD-001,Ultra-Low-Sulfur Diesel,15 ppm sulfur,2026-07-16,2026-07-16,2.42,1000.0,Major Refiner,1.0,Validated,0,2026-08-15 12:54:47,2026,7,16,3,0,2420.0,101.64,23.80952380952381,48.46625766871167,0,1,0,1,1,5,2,0,1,0,0,0,1,0,0,1,0,0,0,0,0,0.06896551724137931
SRC-0017,Broker2.csv,Sheet1,8,Brent,PROD-BRENT-001,Brent Crude Oil,Sweet Crude,2026-07-16,2026-07-16,77.02,750.0,European Broker,1.0,Validated,0,2026-08-15 12:54:47,2026,7,16,3,0,57765.0,77.02,750.0,0.0692940666955315,1,0,0,1,1,0,8,0,1,0,1,0,0,0,0,1,0,0,0,0,0,0.06896551724137931
SRC-0018,Broker2.csv,Sheet1,9,Regular Gasoline,PROD-REGGAS-001,Regular Gasoline,87 Octane,2026-07-16,2026-07-16,2.5,575.0,Regional Supplier,1.0,Validated,0,2026-08-15 12:54:47,2026,7,16,3,0,1437.5,105.0,13.69047619047619,-1.6715830875122877,0,1,0,1,1,4,3,0,1,0,0,0,1,0,0,1,0,0,0,0,0,0.06896551724137931
SRC-0019,Broker2.csv,Sheet1,10,Heating Oil,PROD-HEATOIL-001,Heating Oil,#2 Distillate,2026-07-16,2026-07-16,2.68,275.0,Northeast Supplier,1.0,Validated,0,2026-08-15 12:54:47,2026,7,16,3,0,737.0,112.56,6.547619047619048,186.3393538539812,0,0,1,1,1,2,0,0,1,0,0,0,1,0,0,1,0,0,0,0,0,0.034482758620689655
SRC-0020,Broker3.csv,Sheet1,2,West Texas Intermediate Crude,PROD-WTI-001,WTI Crude Oil,Light Sweet,2026-07-15,2026-07-15,78.45,500.0,Unknown / Benchmark,1.0,Validated,0,2026-08-15 12:54:47,2026,7,15,2,0,39225.0,78.45,500.0,-0.0955109837631183,0,1,0,1,1,6,5,0,0,1,0,1,0,0,0,0,1,0,0,0,0,0.3448275862068966
SRC-0021,Broker3.csv,Sheet1,3,Ultra Low Sulfur Diesel #2,PROD-ULSD-001,Ultra-Low-Sulfur Diesel,15 ppm,2026-07-15,2026-07-15,2.41,1200.0,Unknown / Benchmark,1.0,Validated,0,2026-08-15 12:54:47,2026,7,15,2,0,2892.0,2.41,1200.0,-96.47969617294773,0,1,0,1,1,5,1,0,0,1,0,0,0,1,0,0,0,1,0,0,0,0.3448275862068966
SRC-0022,Broker3.csv,Sheet1,4,Brent Crude Oil,PROD-BRENT-001,Brent Crude Oil,Light Sweet,2026-07-15,2026-07-15,76.9,750.0,Unknown / Benchmark,1.0,Validated,0,2026-08-15 12:54:47,2026,7,15,2,0,57675.00000000001,76.9,750.0,-0.086617583369419,1,0,0,1,1,0,5,0,0,1,0,1,0,0,0,0,0,0,1,0,0,0.3448275862068966
SRC-0023,Broker3.csv,Sheet1,5,Reformulated Gasoline,PROD-REGGAS-001,Regular Gasoline,87 Octane,2026-07-15,2026-07-15,2.59,500.0,Unknown / Benchmark,1.0,Validated,0,2026-08-15 12:54:47,2026,7,15,2,0,1295.0,108.78,11.904761904761903,1.868239921337271,0,0,1,1,1,4,3,0,0,1,0,0,1,0,0,0,0,0,0,1,0,0.3448275862068966
SRC-0024,Broker3.csv,Sheet1,6,Heating Oil,PROD-HEATOIL-001,Heating Oil,#2 Distillate,2026-07-15,2026-07-15,2.67,250.0,Unknown / Benchmark,1.0,Validated,0,2026-08-15 12:54:47,2026,7,15,2,0,667.5,2.67,250.0,-93.20783515644874,0,0,1,1,1,2,0,0,0,1,0,0,0,1,0,0,0,0,0,0,1,0.3448275862068966
SRC-0025,Broker3.csv,Sheet1,7,West Texas Intermediate Crude,PROD-WTI-001,WTI Crude Oil,Light Sweet,2026-07-16,2026-07-16,78.6,600.0,Unknown / Benchmark,1.0,Validated,0,2026-08-15 12:54:47,2026,7,16,3,0,47160.0,78.6,600.0,0.0955109837631364,0,1,0,1,1,6,5,0,0,1,0,1,0,0,0,0,1,0,0,0,0,0.3448275862068966
SRC-0026,Broker3.csv,Sheet1,8,Ultra Low Sulfur Diesel #2,PROD-ULSD-001,Ultra-Low-Sulfur Diesel,15 ppm,2026-07-16,2026-07-16,2.42,1000.0,Unknown / Benchmark,1.0,Validated,0,2026-08-15 12:54:47,2026,7,16,3,0,2420.0,2.42,1000.0,-96.4650891031259,0,1,0,1,1,5,1,0,0,1,0,0,0,1,0,0,0,1,0,0,0,0.3448275862068966
SRC-0027,Broker3.csv,Sheet1,9,Brent Crude Oil,PROD-BRENT-001,Brent Crude Oil,Light Sweet,2026-07-16,2026-07-16,77.05,800.0,Unknown / Benchmark,1.0,Validated,0,2026-08-15 12:54:47,2026,7,16,3,0,61640.0,77.05,800.0,0.1082719792117738,1,0,0,1,1,0,5,0,0,1,0,1,0,0,0,0,0,0,1,0,0,0.3448275862068966
SRC-0028,Broker3.csv,Sheet1,10,Reformulated Gasoline,PROD-REGGAS-001,Regular Gasoline,87 Octane,2026-07-16,2026-07-16,2.6,650.0,Unknown / Benchmark,1.0,Validated,0,2026-08-15 12:54:47,2026,7,16,3,0,1690.0,109.2,15.476190476190476,2.261553588987224,0,0,1,1,1,4,3,0,0,1,0,0,1,0,0,0,0,0,0,1,0,0.3448275862068966
SRC-0029,Broker3.csv,Sheet1,11,Heating Oil,PROD-HEATOIL-001,Heating Oil,#2 Distillate,2026-07-16,2026-07-16,2.7,300.0,Unknown / Benchmark,1.0,Validated,0,2026-08-15 12:54:47,2026,7,16,3,0,810.0,2.7,300.0,-93.13151869753244,0,0,1,1,1,2,0,0,0,1,0,0,0,1,0,0,0,0,0,0,1,0.3448275862068966
