source_id,source_name,source_file_name,source_sheet_name,source_row_number,product_name_raw,product_id,product_name_standardized,product_grade,pricing_date,trade_date,price,unit_of_measure,quantity,broker,counterparty,confidence_score,validation_status,review_required,created_timestamp,pricing_year,pricing_month,pricing_day,pricing_dayofweek,is_weekend,total_notional_value,price_per_bbl,quantity_bbl,price_pct_diff_from_avg,market_region_North Sea,market_region_US Gulf Coast,market_region_US Northeast,observation_type_Trade,currency_USD
SRC-0001,Broker1,Broker1.csv,Sheet1,2,WTI Crude,PROD-WTI-001,WTI Crude Oil,Light Sweet,2026-07-15,2026-07-15,78.45,BBL,500.0,Broker1,Internal Trader,1.0,Validated,False,2026-08-15 12:45:51,2026,7,15,2,0,39225.0,78.45,500.0,-0.0955109837631183,False,True,False,True,True
SRC-0002,Broker1,Broker1.csv,Sheet1,3,ULSD,PROD-ULSD-001,Ultra-Low-Sulfur Diesel,15 ppm,2026-07-15,2026-07-15,2.415,GAL,1000.0,Broker1,John Smith,1.0,Validated,False,2026-08-15 12:45:51,2026,7,15,2,0,2415.0,101.43,23.80952380952381,48.15950920245401,False,True,False,True,True
SRC-0003,Broker1,Broker1.csv,Sheet1,4,Brent Crude,PROD-BRENT-001,Brent Crude Oil,Light Sweet,2026-07-15,2026-07-15,76.9,BBL,750.0,Broker1,EU Trader,1.0,Validated,False,2026-08-15 12:45:51,2026,7,15,2,0,57675.00000000001,76.9,750.0,-0.08661758336941906,True,False,False,True,True
SRC-0004,Broker1,Broker1.csv,Sheet1,5,Premium Gas,PROD-PREMGAS-001,Premium Gasoline,92 Octane,2026-07-15,2026-07-15,2.589,GAL,500.0,Broker1,Jane Doe,1.0,Validated,False,2026-08-15 12:45:51,2026,7,15,2,0,1294.5,108.738,11.904761904761905,-0.21198689535555484,False,True,False,True,True
SRC-0005,Broker1,Broker1.csv,Sheet1,6,Fuel Oil No 2,PROD-FUELOIL-001,Fuel Oil No. 2,Standard,2026-07-15,2026-07-15,2.675,GAL,250.0,Broker1,Bob Johnson,1.0,Validated,False,2026-08-15 12:45:51,2026,7,15,2,0,668.75,112.35,5.9523809523809526,-0.27958993476234656,False,True,False,True,True
SRC-0006,Broker1,Broker1.csv,Sheet1,7,WTI Crude,PROD-WTI-001,WTI Crude Oil,Light Sweet,2026-07-16,2026-07-16,78.6,BBL,600.0,Broker1,Internal Trader,1.0,Validated,False,2026-08-15 12:45:51,2026,7,16,3,0,47160.0,78.6,600.0,0.0955109837631364,False,True,False,True,True
SRC-0007,Broker1,Broker1.csv,Sheet1,8,ULSD,PROD-ULSD-001,Ultra-Low-Sulfur Diesel,15 ppm,2026-07-16,2026-07-16,2.42,GAL,800.0,Broker1,John Smith,1.0,Validated,False,2026-08-15 12:45:51,2026,7,16,3,0,1936.0,101.64,19.047619047619047,48.46625766871167,False,True,False,True,True
SRC-0008,Broker1,Broker1.csv,Sheet1,9,Brent Crude,PROD-BRENT-001,Brent Crude Oil,Light Sweet,2026-07-16,2026-07-16,77.05,BBL,500.0,Broker1,EU Trader,1.0,Validated,False,2026-08-15 12:45:51,2026,7,16,3,0,38525.0,77.05,500.0,0.10827197921177384,True,False,False,True,True
SRC-0009,Broker1,Broker1.csv,Sheet1,10,Premium Gas,PROD-PREMGAS-001,Premium Gasoline,92 Octane,2026-07-16,2026-07-16,2.6,GAL,650.0,Broker1,Jane Doe,1.0,Validated,False,2026-08-15 12:45:51,2026,7,16,3,0,1690.0,109.2,15.476190476190476,0.2119868953555679,False,True,False,True,True
SRC-0010,Broker1,Broker1.csv,Sheet1,11,Fuel Oil No 2,PROD-FUELOIL-001,Fuel Oil No. 2,Standard,2026-07-16,2026-07-16,2.69,GAL,300.0,Broker1,Bob Johnson,1.0,Validated,False,2026-08-15 12:45:51,2026,7,16,3,0,807.0,112.98,7.142857142857143,0.27958993476235916,False,True,False,True,True
SRC-0011,Broker2,Broker2.csv,Sheet1,2,Crude Oil WTI,PROD-WTI-001,WTI Crude Oil,Light Sweet Blend,2026-07-15,2026-07-15,78.45,BBL,550.0,Broker2,Shell Trading Desk,1.0,Validated,False,2026-08-15 12:45:51,2026,7,15,2,0,43147.5,78.45,550.0,-0.0955109837631183,False,True,False,True,True
SRC-0012,Broker2,Broker2.csv,Sheet1,3,Ultra Low Sulfur Diesel,PROD-ULSD-001,Ultra-Low-Sulfur Diesel,15 ppm sulfur,2026-07-15,2026-07-15,2.41,GAL,1000.0,Broker2,Major Refiner,1.0,Validated,False,2026-08-15 12:45:51,2026,7,15,2,0,2410.0,101.22,23.80952380952381,47.85276073619633,False,True,False,True,True
SRC-0013,Broker2,Broker2.csv,Sheet1,4,Brent,PROD-BRENT-001,Brent Crude Oil,Sweet Crude,2026-07-15,2026-07-15,76.88,BBL,750.0,Broker2,European Broker,1.0,Validated,False,2026-08-15 12:45:51,2026,7,15,2,0,57660.0,76.88,750.0,-0.11260285838025955,True,False,False,True,True
SRC-0014,Broker2,Broker2.csv,Sheet1,5,Regular Gasoline,PROD-REGGAS-001,Regular Gasoline,87 Octane,2026-07-15,2026-07-15,2.48,GAL,575.0,Broker2,Regional Supplier,1.0,Validated,False,2026-08-15 12:45:51,2026,7,15,2,0,1426.0,104.16,13.69047619047619,-2.4582104228121926,False,True,False,True,True
SRC-0015,Broker2,Broker2.csv,Sheet1,6,Crude Oil WTI,PROD-WTI-001,WTI Crude Oil,Light Sweet Blend,2026-07-16,2026-07-16,78.6,BBL,550.0,Broker2,Shell Trading Desk,1.0,Validated,False,2026-08-15 12:45:51,2026,7,16,3,0,43230.0,78.6,550.0,0.0955109837631364,False,True,False,True,True
SRC-0016,Broker2,Broker2.csv,Sheet1,7,Ultra Low Sulfur Diesel,PROD-ULSD-001,Ultra-Low-Sulfur Diesel,15 ppm sulfur,2026-07-16,2026-07-16,2.42,GAL,1000.0,Broker2,Major Refiner,1.0,Validated,False,2026-08-15 12:45:51,2026,7,16,3,0,2420.0,101.64,23.80952380952381,48.46625766871167,False,True,False,True,True
SRC-0017,Broker2,Broker2.csv,Sheet1,8,Brent,PROD-BRENT-001,Brent Crude Oil,Sweet Crude,2026-07-16,2026-07-16,77.02,BBL,750.0,Broker2,European Broker,1.0,Validated,False,2026-08-15 12:45:51,2026,7,16,3,0,57765.0,77.02,750.0,0.06929406669553156,True,False,False,True,True
SRC-0018,Broker2,Broker2.csv,Sheet1,9,Regular Gasoline,PROD-REGGAS-001,Regular Gasoline,87 Octane,2026-07-16,2026-07-16,2.5,GAL,575.0,Broker2,Regional Supplier,1.0,Validated,False,2026-08-15 12:45:51,2026,7,16,3,0,1437.5,105.0,13.69047619047619,-1.6715830875122877,False,True,False,True,True
SRC-0019,Broker2,Broker2.csv,Sheet1,10,Heating Oil,PROD-HEATOIL-001,Heating Oil,#2 Distillate,2026-07-16,2026-07-16,2.68,GAL,275.0,Broker2,Northeast Supplier,1.0,Validated,False,2026-08-15 12:45:51,2026,7,16,3,0,737.0,112.56,6.5476190476190474,186.33935385398118,False,False,True,True,True
SRC-0020,Broker3,Broker3.csv,Sheet1,2,West Texas Intermediate Crude,PROD-WTI-001,WTI Crude Oil,Light Sweet,2026-07-15,2026-07-15,78.45,Barrel,500.0,Commerical Bank A,Unknown / Benchmark,1.0,Validated,False,2026-08-15 12:45:51,2026,7,15,2,0,39225.0,78.45,500.0,-0.0955109837631183,False,True,False,True,True
SRC-0021,Broker3,Broker3.csv,Sheet1,3,Ultra Low Sulfur Diesel #2,PROD-ULSD-001,Ultra-Low-Sulfur Diesel,15 ppm,2026-07-15,2026-07-15,2.41,Gallon,1200.0,Energy Trader B,Unknown / Benchmark,1.0,Validated,False,2026-08-15 12:45:51,2026,7,15,2,0,2892.0,2.41,1200.0,-96.47969617294771,False,True,False,True,True
SRC-0022,Broker3,Broker3.csv,Sheet1,4,Brent Crude Oil,PROD-BRENT-001,Brent Crude Oil,Light Sweet,2026-07-15,2026-07-15,76.9,Barrel,750.0,International Broker C,Unknown / Benchmark,1.0,Validated,False,2026-08-15 12:45:51,2026,7,15,2,0,57675.00000000001,76.9,750.0,-0.08661758336941906,True,False,False,True,True
SRC-0023,Broker3,Broker3.csv,Sheet1,5,Reformulated Gasoline,PROD-REGGAS-001,Regular Gasoline,87 Octane,2026-07-15,2026-07-15,2.59,GAL,500.0,Regional Distributor D,Unknown / Benchmark,1.0,Validated,False,2026-08-15 12:45:51,2026,7,15,2,0,1295.0,108.78,11.904761904761905,1.8682399213372707,False,False,True,True,True
SRC-0024,Broker3,Broker3.csv,Sheet1,6,Heating Oil,PROD-HEATOIL-001,Heating Oil,#2 Distillate,2026-07-15,2026-07-15,2.67,Gallon,250.0,Supplier E,Unknown / Benchmark,1.0,Validated,False,2026-08-15 12:45:51,2026,7,15,2,0,667.5,2.67,250.0,-93.20783515644874,False,False,True,True,True
SRC-0025,Broker3,Broker3.csv,Sheet1,7,West Texas Intermediate Crude,PROD-WTI-001,WTI Crude Oil,Light Sweet,2026-07-16,2026-07-16,78.6,Barrel,600.0,Commerical Bank A,Unknown / Benchmark,1.0,Validated,False,2026-08-15 12:45:51,2026,7,16,3,0,47160.0,78.6,600.0,0.0955109837631364,False,True,False,True,True
SRC-0026,Broker3,Broker3.csv,Sheet1,8,Ultra Low Sulfur Diesel #2,PROD-ULSD-001,Ultra-Low-Sulfur Diesel,15 ppm,2026-07-16,2026-07-16,2.42,Gallon,1000.0,Energy Trader B,Unknown / Benchmark,1.0,Validated,False,2026-08-15 12:45:51,2026,7,16,3,0,2420.0,2.42,1000.0,-96.4650891031259,False,True,False,True,True
SRC-0027,Broker3,Broker3.csv,Sheet1,9,Brent Crude Oil,PROD-BRENT-001,Brent Crude Oil,Light Sweet,2026-07-16,2026-07-16,77.05,Barrel,800.0,International Broker C,Unknown / Benchmark,1.0,Validated,False,2026-08-15 12:45:51,2026,7,16,3,0,61640.0,77.05,800.0,0.10827197921177384,True,False,False,True,True
SRC-0028,Broker3,Broker3.csv,Sheet1,10,Reformulated Gasoline,PROD-REGGAS-001,Regular Gasoline,87 Octane,2026-07-16,2026-07-16,2.6,GAL,650.0,Regional Distributor D,Unknown / Benchmark,1.0,Validated,False,2026-08-15 12:45:51,2026,7,16,3,0,1690.0,109.2,15.476190476190476,2.2615535889872236,False,False,True,True,True
SRC-0029,Broker3,Broker3.csv,Sheet1,11,Heating Oil,PROD-HEATOIL-001,Heating Oil,#2 Distillate,2026-07-16,2026-07-16,2.7,Gallon,300.0,Supplier E,Unknown / Benchmark,1.0,Validated,False,2026-08-15 12:45:51,2026,7,16,3,0,810.0,2.7,300.0,-93.13151869753243,False,False,True,True,True
