source_row_number,price,quantity,confidence_score,review_required,pricing_year,pricing_month,pricing_day,pricing_dayofweek,is_weekend,total_notional_value,price_per_bbl,quantity_bbl,price_pct_diff_from_avg,market_region_North Sea,market_region_US Gulf Coast,market_region_US Northeast,observation_type_Trade,currency_USD,product_id_encoded,product_grade_encoded,source_name_Broker1,source_name_Broker2,source_name_Broker3,unit_of_measure_BBL,unit_of_measure_Barrel,unit_of_measure_GAL,unit_of_measure_Gallon,broker_Broker1,broker_Broker2,broker_Commerical Bank A,broker_Energy Trader B,broker_International Broker C,broker_Regional Distributor D,broker_Supplier E,counterparty_freq_encoded,pricing_year_fe,pricing_month_fe,pricing_day_fe,pricing_dayofweek_fe,trade_year_fe,trade_month_fe,trade_day_fe,trade_dayofweek_fe,created_year_fe,created_month_fe,created_day_fe,created_dayofweek_fe,product_id_le_encoded,product_grade_le_encoded,counterparty_le_encoded,validation_status_le_encoded
2,78.45,500.0,1.0,0,2026,7,15,2,0,39225.0,78.45,500.0,-0.0955109837631183,0,1,0,1,1,6,5,1,0,0,1,0,0,0,1,0,0,0,0,0,0,0.0689655172413793,2026,7,15,2,2026,7,15,2,2026,8,15,5,6,5,3,0
3,2.415,1000.0,1.0,0,2026,7,15,2,0,2415.0,101.43,23.80952380952381,48.15950920245401,0,1,0,1,1,5,1,1,0,0,0,0,1,0,1,0,0,0,0,0,0,0.0689655172413793,2026,7,15,2,2026,7,15,2,2026,8,15,5,5,1,5,0
4,76.9,750.0,1.0,0,2026,7,15,2,0,57675.00000000001,76.9,750.0,-0.086617583369419,1,0,0,1,1,0,5,1,0,0,1,0,0,0,1,0,0,0,0,0,0,0.0689655172413793,2026,7,15,2,2026,7,15,2,2026,8,15,5,0,5,1,0
5,2.589,500.0,1.0,0,2026,7,15,2,0,1294.5,108.738,11.904761904761903,-0.2119868953555548,0,1,0,1,1,3,4,1,0,0,0,0,1,0,1,0,0,0,0,0,0,0.0689655172413793,2026,7,15,2,2026,7,15,2,2026,8,15,5,3,4,4,0
6,2.675,250.0,1.0,0,2026,7,15,2,0,668.75,112.35,5.9523809523809526,-0.2795899347623465,0,1,0,1,1,1,7,1,0,0,0,0,1,0,1,0,0,0,0,0,0,0.0689655172413793,2026,7,15,2,2026,7,15,2,2026,8,15,5,1,7,0,0
7,78.6,600.0,1.0,0,2026,7,16,3,0,47160.0,78.6,600.0,0.0955109837631364,0,1,0,1,1,6,5,1,0,0,1,0,0,0,1,0,0,0,0,0,0,0.0689655172413793,2026,7,16,3,2026,7,16,3,2026,8,15,5,6,5,3,0
8,2.42,800.0,1.0,0,2026,7,16,3,0,1936.0,101.64,19.047619047619047,48.46625766871167,0,1,0,1,1,5,1,1,0,0,0,0,1,0,1,0,0,0,0,0,0,0.0689655172413793,2026,7,16,3,2026,7,16,3,2026,8,15,5,5,1,5,0
9,77.05,500.0,1.0,0,2026,7,16,3,0,38525.0,77.05,500.0,0.1082719792117738,1,0,0,1,1,0,5,1,0,0,1,0,0,0,1,0,0,0,0,0,0,0.0689655172413793,2026,7,16,3,2026,7,16,3,2026,8,15,5,0,5,1,0
10,2.6,650.0,1.0,0,2026,7,16,3,0,1690.0,109.2,15.476190476190476,0.2119868953555679,0,1,0,1,1,3,4,1,0,0,0,0,1,0,1,0,0,0,0,0,0,0.0689655172413793,2026,7,16,3,2026,7,16,3,2026,8,15,5,3,4,4,0
11,2.69,300.0,1.0,0,2026,7,16,3,0,807.0,112.98,7.142857142857143,0.2795899347623591,0,1,0,1,1,1,7,1,0,0,0,0,1,0,1,0,0,0,0,0,0,0.0689655172413793,2026,7,16,3,2026,7,16,3,2026,8,15,5,1,7,0,0
2,78.45,550.0,1.0,0,2026,7,15,2,0,43147.5,78.45,550.0,-0.0955109837631183,0,1,0,1,1,6,6,0,1,0,1,0,0,0,0,1,0,0,0,0,0,0.0689655172413793,2026,7,15,2,2026,7,15,2,2026,8,15,5,6,6,9,0
3,2.41,1000.0,1.0,0,2026,7,15,2,0,2410.0,101.22,23.80952380952381,47.85276073619633,0,1,0,1,1,5,2,0,1,0,0,0,1,0,0,1,0,0,0,0,0,0.0689655172413793,2026,7,15,2,2026,7,15,2,2026,8,15,5,5,2,6,0
4,76.88,750.0,1.0,0,2026,7,15,2,0,57660.0,76.88,750.0,-0.1126028583802595,1,0,0,1,1,0,8,0,1,0,1,0,0,0,0,1,0,0,0,0,0,0.0689655172413793,2026,7,15,2,2026,7,15,2,2026,8,15,5,0,8,2,0
5,2.48,575.0,1.0,0,2026,7,15,2,0,1426.0,104.16,13.69047619047619,-2.4582104228121926,0,1,0,1,1,4,3,0,1,0,0,0,1,0,0,1,0,0,0,0,0,0.0689655172413793,2026,7,15,2,2026,7,15,2,2026,8,15,5,4,3,8,0
6,78.6,550.0,1.0,0,2026,7,16,3,0,43230.0,78.6,550.0,0.0955109837631364,0,1,0,1,1,6,6,0,1,0,1,0,0,0,0,1,0,0,0,0,0,0.0689655172413793,2026,7,16,3,2026,7,16,3,2026,8,15,5,6,6,9,0
7,2.42,1000.0,1.0,0,2026,7,16,3,0,2420.0,101.64,23.80952380952381,48.46625766871167,0,1,0,1,1,5,2,0,1,0,0,0,1,0,0,1,0,0,0,0,0,0.0689655172413793,2026,7,16,3,2026,7,16,3,2026,8,15,5,5,2,6,0
8,77.02,750.0,1.0,0,2026,7,16,3,0,57765.0,77.02,750.0,0.0692940666955315,1,0,0,1,1,0,8,0,1,0,1,0,0,0,0,1,0,0,0,0,0,0.0689655172413793,2026,7,16,3,2026,7,16,3,2026,8,15,5,0,8,2,0
9,2.5,575.0,1.0,0,2026,7,16,3,0,1437.5,105.0,13.69047619047619,-1.6715830875122877,0,1,0,1,1,4,3,0,1,0,0,0,1,0,0,1,0,0,0,0,0,0.0689655172413793,2026,7,16,3,2026,7,16,3,2026,8,15,5,4,3,8,0
10,2.68,275.0,1.0,0,2026,7,16,3,0,737.0,112.56,6.547619047619048,186.3393538539812,0,0,1,1,1,2,0,0,1,0,0,0,1,0,0,1,0,0,0,0,0,0.0344827586206896,2026,7,16,3,2026,7,16,3,2026,8,15,5,2,0,7,0
2,78.45,500.0,1.0,0,2026,7,15,2,0,39225.0,78.45,500.0,-0.0955109837631183,0,1,0,1,1,6,5,0,0,1,0,1,0,0,0,0,1,0,0,0,0,0.3448275862068966,2026,7,15,2,2026,7,15,2,2026,8,15,5,6,5,10,0
3,2.41,1200.0,1.0,0,2026,7,15,2,0,2892.0,2.41,1200.0,-96.47969617294773,0,1,0,1,1,5,1,0,0,1,0,0,0,1,0,0,0,1,0,0,0,0.3448275862068966,2026,7,15,2,2026,7,15,2,2026,8,15,5,5,1,10,0
4,76.9,750.0,1.0,0,2026,7,15,2,0,57675.00000000001,76.9,750.0,-0.086617583369419,1,0,0,1,1,0,5,0,0,1,0,1,0,0,0,0,0,0,1,0,0,0.3448275862068966,2026,7,15,2,2026,7,15,2,2026,8,15,5,0,5,10,0
5,2.59,500.0,1.0,0,2026,7,15,2,0,1295.0,108.78,11.904761904761903,1.868239921337271,0,0,1,1,1,4,3,0,0,1,0,0,1,0,0,0,0,0,0,1,0,0.3448275862068966,2026,7,15,2,2026,7,15,2,2026,8,15,5,4,3,10,0
6,2.67,250.0,1.0,0,2026,7,15,2,0,667.5,2.67,250.0,-93.20783515644874,0,0,1,1,1,2,0,0,0,1,0,0,0,1,0,0,0,0,0,0,1,0.3448275862068966,2026,7,15,2,2026,7,15,2,2026,8,15,5,2,0,10,0
7,78.6,600.0,1.0,0,2026,7,16,3,0,47160.0,78.6,600.0,0.0955109837631364,0,1,0,1,1,6,5,0,0,1,0,1,0,0,0,0,1,0,0,0,0,0.3448275862068966,2026,7,16,3,2026,7,16,3,2026,8,15,5,6,5,10,0
8,2.42,1000.0,1.0,0,2026,7,16,3,0,2420.0,2.42,1000.0,-96.4650891031259,0,1,0,1,1,5,1,0,0,1,0,0,0,1,0,0,0,1,0,0,0,0.3448275862068966,2026,7,16,3,2026,7,16,3,2026,8,15,5,5,1,10,0
9,77.05,800.0,1.0,0,2026,7,16,3,0,61640.0,77.05,800.0,0.1082719792117738,1,0,0,1,1,0,5,0,0,1,0,1,0,0,0,0,0,0,1,0,0,0.3448275862068966,2026,7,16,3,2026,7,16,3,2026,8,15,5,0,5,10,0
10,2.6,650.0,1.0,0,2026,7,16,3,0,1690.0,109.2,15.476190476190476,2.261553588987224,0,0,1,1,1,4,3,0,0,1,0,0,1,0,0,0,0,0,0,1,0,0.3448275862068966,2026,7,16,3,2026,7,16,3,2026,8,15,5,4,3,10,0
11,2.7,300.0,1.0,0,2026,7,16,3,0,810.0,2.7,300.0,-93.13151869753244,0,0,1,1,1,2,0,0,0,1,0,0,0,1,0,0,0,0,0,0,1,0.3448275862068966,2026,7,16,3,2026,7,16,3,2026,8,15,5,2,0,10,0
