source_id,source_name,source_file_name,source_sheet_name,source_row_number,product_name_raw,product_id,product_name_standardized,product_grade,market_region,pricing_date,trade_date,price,currency,unit_of_measure,quantity,observation_type,broker,counterparty,confidence_score,validation_status,review_required,created_timestamp
,,,,,,,,,,,,,,,,,,,,,,
,,,,,,,,,,,,,,,,,,,,,,
,,,,,,,,,,,,,,,,,,,,,,
,,,,,,,,,,,,,,,,,,,,,,
,,,,,,,,,,,,,,,,,,,,,,
,,,,,,,,,,,,,,,,,,,,,,
,,,,,,,,,,,,,,,,,,,,,,
,,,,,,,,,,,,,,,,,,,,,,
,,,,,,,,,,,,,,,,,,,,,,
,,,,,,,,,,,,,,,,,,,,,,
,,,,,,,,,,,,,,,,,,,,,,
,,,,,,,,,,,,,,,,,,,,,,
