quantity,confidence_score,review_required,pricing_year,pricing_month,pricing_day,pricing_dayofweek,is_weekend,total_notional_value,price_per_bbl,quantity_bbl,price_pct_diff_from_avg,market_region_North Sea,market_region_US Gulf Coast,market_region_US Northeast,observation_type_Trade,currency_USD,product_id_encoded,product_grade_encoded,source_name_Broker1,source_name_Broker2,source_name_Broker3,unit_of_measure_BBL,unit_of_measure_Barrel,unit_of_measure_GAL,unit_of_measure_Gallon,broker_Broker1,broker_Broker2,broker_Commerical Bank A,broker_Energy Trader B,broker_International Broker C,broker_Regional Distributor D,broker_Supplier E,counterparty_freq_encoded,pricing_year_fe,pricing_month_fe,pricing_day_fe,pricing_dayofweek_fe,trade_year_fe,trade_month_fe,trade_day_fe,trade_dayofweek_fe,created_year_fe,created_month_fe,created_day_fe,created_dayofweek_fe,product_id_le_encoded,product_grade_le_encoded,counterparty_le_encoded,validation_status_le_encoded,price
-0.5548361354984928,0.0,0.0,0.0,0.0,-1.035098339013532,-1.035098339013531,0.0,0.7461794158306635,-0.05768524253065318,0.38061370004842854,-0.0018182208703434249,-0.5107539184552492,0.7817359599705715,-0.4564354645876384,0.0,0.0,1.2061535195691342,0.5126039043577046,1.3784048752090223,-0.6708203932499369,-0.7254762501100117,1.620185174601965,-0.4,-0.9013878188659974,-0.4,1.3784048752090223,-0.6708203932499369,-0.27216552697590873,-0.2721655269759087,-0.2721655269759087,-0.2721655269759087,-0.2721655269759087,-0.7109331754221181,0.0,0.0,-1.035098339013532,-1.035098339013531,0.0,0.0,-1.035098339013532,-1.035098339013531,0.0,0.0,0.0,0.0,1.2061535195691342,0.5126039043577046,-0.9315560155833311,0.0,78.45
1.494876976534156,0.0,0.0,0.0,0.0,-1.035098339013532,-1.035098339013531,0.0,-0.7843865720206683,0.6167699897104447,-0.9474413219283414,0.9168016210006452,-0.5107539184552492,0.7817359599705715,-0.4564354645876384,0.0,0.0,0.7577118263959945,-1.1863118929421164,1.3784048752090223,-0.6708203932499369,-0.7254762501100117,-0.6172133998483676,-0.4,1.1094003924504583,-0.4,1.3784048752090223,-0.6708203932499369,-0.27216552697590873,-0.2721655269759087,-0.2721655269759087,-0.2721655269759087,-0.2721655269759087,-0.7109331754221181,0.0,0.0,-1.035098339013532,-1.035098339013531,0.0,0.0,-1.035098339013532,-1.035098339013531,0.0,0.0,0.0,0.0,0.7577118263959945,-1.1863118929421164,-0.36874092283506865,0.0,2.415
0.4700204205178317,0.0,0.0,0.0,0.0,-1.035098339013532,-1.035098339013531,0.0,1.5133335173209401,-0.10317721859565317,1.0778425865862327,-0.0016489192301860159,1.957890020745122,-1.2792042981336627,-0.4564354645876384,0.0,0.0,-1.4844966394697034,0.5126039043577046,1.3784048752090223,-0.6708203932499369,-0.7254762501100117,1.620185174601965,-0.4,-0.9013878188659974,-0.4,1.3784048752090223,-0.6708203932499369,-0.27216552697590873,-0.2721655269759087,-0.2721655269759087,-0.2721655269759087,-0.2721655269759087,-0.7109331754221181,0.0,0.0,-1.035098339013532,-1.035098339013531,0.0,0.0,-1.035098339013532,-1.035098339013531,0.0,0.0,0.0,0.0,-1.4844966394697034,0.5126039043577046,-1.4943711083315936,0.0,76.9
-0.5548361354984928,0.0,0.0,0.0,0.0,-1.035098339013532,-1.035098339013531,0.0,-0.8309771503794681,0.8312573194414254,-0.9806426974777606,-0.004035546302514405,-0.5107539184552492,0.7817359599705715,-0.4564354645876384,0.0,0.0,-0.13917155995028468,0.08787495503274935,1.3784048752090223,-0.6708203932499369,-0.7254762501100117,-0.6172133998483676,-0.4,1.1094003924504583,-0.4,1.3784048752090223,-0.6708203932499369,-0.27216552697590873,-0.2721655269759087,-0.2721655269759087,-0.2721655269759087,-0.2721655269759087,-0.7109331754221181,0.0,0.0,-1.035098339013532,-1.035098339013531,0.0,0.0,-1.035098339013532,-1.035098339013531,0.0,0.0,0.0,0.0,-0.13917155995028468,0.08787495503274935,-0.6501484692091999,0.0,2.589
-1.5796926915148173,0.0,0.0,0.0,0.0,-1.035098339013532,-1.035098339013531,0.0,-0.8569959405695786,0.9372682985038642,-0.9972433852524702,-0.005322489984854901,-0.5107539184552492,0.7817359599705715,-0.4564354645876384,0.0,0.0,-1.0360549462965638,1.362061803007615,1.3784048752090223,-0.6708203932499369,-0.7254762501100117,-0.6172133998483676,-0.4,1.1094003924504583,-0.4,1.3784048752090223,-0.6708203932499369,-0.27216552697590873,-0.2721655269759087,-0.2721655269759087,-0.2721655269759087,-0.2721655269759087,-0.7109331754221181,0.0,0.0,-1.035098339013532,-1.035098339013531,0.0,0.0,-1.035098339013532,-1.035098339013531,0.0,0.0,0.0,0.0,-1.0360549462965638,1.362061803007615,-1.7757786547057248,0.0,2.675
-0.14489351309196297,0.0,0.0,0.0,0.0,0.9660917830792951,0.9660917830792961,0.0,1.076118049723636,-0.05328279323404052,0.6595052546635501,0.0018182208703435645,-0.5107539184552492,0.7817359599705715,-0.4564354645876384,0.0,0.0,1.2061535195691342,0.5126039043577046,1.3784048752090223,-0.6708203932499369,-0.7254762501100117,1.620185174601965,-0.4,-0.9013878188659974,-0.4,1.3784048752090223,-0.6708203932499369,-0.27216552697590873,-0.2721655269759087,-0.2721655269759087,-0.2721655269759087,-0.2721655269759087,-0.7109331754221181,0.0,0.0,0.9660917830792951,0.9660917830792961,0.0,0.0,0.9660917830792951,0.9660917830792961,0.0,0.0,0.0,0.0,1.2061535195691342,0.5126039043577046,-0.9315560155833311,0.0,78.6
0.6749917317210966,0.0,0.0,0.0,0.0,0.9660917830792951,0.9660917830792961,0.0,-0.8043034725417437,0.6229334187257026,-0.9607218721481091,0.9226411217713498,-0.5107539184552492,0.7817359599705715,-0.4564354645876384,0.0,0.0,0.7577118263959945,-1.1863118929421164,1.3784048752090223,-0.6708203932499369,-0.7254762501100117,-0.6172133998483676,-0.4,1.1094003924504583,-0.4,1.3784048752090223,-0.6708203932499369,-0.27216552697590873,-0.2721655269759087,-0.2721655269759087,-0.2721655269759087,-0.2721655269759087,-0.7109331754221181,0.0,0.0,0.9660917830792951,0.9660917830792961,0.0,0.0,0.9660917830792951,0.9660917830792961,0.0,0.0,0.0,0.0,0.7577118263959945,-1.1863118929421164,-0.36874092283506865,0.0,2.42
-0.5548361354984928,0.0,0.0,0.0,0.0,0.9660917830792951,0.9660917830792961,0.0,0.7170732981589456,-0.0987747692990405,0.38061370004842854,0.0020611490377322903,1.957890020745122,-1.2792042981336627,-0.4564354645876384,0.0,0.0,-1.4844966394697034,0.5126039043577046,1.3784048752090223,-0.6708203932499369,-0.7254762501100117,1.620185174601965,-0.4,-0.9013878188659974,-0.4,1.3784048752090223,-0.6708203932499369,-0.27216552697590873,-0.2721655269759087,-0.2721655269759087,-0.2721655269759087,-0.2721655269759087,-0.7109331754221181,0.0,0.0,0.9660917830792951,0.9660917830792961,0.0,0.0,0.9660917830792951,0.9660917830792961,0.0,0.0,0.0,0.0,-1.4844966394697034,0.5126039043577046,-1.4943711083315936,0.0,77.05
0.06007779811130192,0.0,0.0,0.0,0.0,0.9660917830792951,0.9660917830792961,0.0,-0.8145321938949475,0.8448168632749933,-0.9706822848129348,0.004035546302514449,-0.5107539184552492,0.7817359599705715,-0.4564354645876384,0.0,0.0,-0.13917155995028468,0.08787495503274935,1.3784048752090223,-0.6708203932499369,-0.7254762501100117,-0.6172133998483676,-0.4,1.1094003924504583,-0.4,1.3784048752090223,-0.6708203932499369,-0.27216552697590873,-0.2721655269759087,-0.2721655269759087,-0.2721655269759087,-0.2721655269759087,-0.7109331754221181,0.0,0.0,0.9660917830792951,0.9660917830792961,0.0,0.0,0.9660917830792951,0.9660917830792961,0.0,0.0,0.0,0.0,-0.13917155995028468,0.08787495503274935,-0.6501484692091999,0.0,2.6
-1.3747213803115523,0.0,0.0,0.0,0.0,0.9660917830792951,0.9660917830792961,0.0,-0.8512474823294144,0.9557585855496387,-0.9939232476975283,0.005322489984854936,-0.5107539184552492,0.7817359599705715,-0.4564354645876384,0.0,0.0,-1.0360549462965638,1.362061803007615,1.3784048752090223,-0.6708203932499369,-0.7254762501100117,-0.6172133998483676,-0.4,1.1094003924504583,-0.4,1.3784048752090223,-0.6708203932499369,-0.27216552697590873,-0.2721655269759087,-0.2721655269759087,-0.2721655269759087,-0.2721655269759087,-0.7109331754221181,0.0,0.0,0.9660917830792951,0.9660917830792961,0.0,0.0,0.9660917830792951,0.9660917830792961,0.0,0.0,0.0,0.0,-1.0360549462965638,1.362061803007615,-1.7757786547057248,0.0,2.69
-0.34986482429522786,0.0,0.0,0.0,0.0,-1.035098339013532,-1.035098339013531,0.0,0.9092776252125393,-0.05768524253065318,0.5200594773559893,-0.0018182208703434249,-0.5107539184552492,0.7817359599705715,-0.4564354645876384,0.0,0.0,1.2061535195691342,0.9373328536826598,-0.7254762501100118,1.4907119849998598,-0.7254762501100117,1.620185174601965,-0.4,-0.9013878188659974,-0.4,-0.7254762501100118,1.4907119849998598,-0.27216552697590873,-0.2721655269759087,-0.2721655269759087,-0.2721655269759087,-0.2721655269759087,-0.7109331754221181,0.0,0.0,-1.035098339013532,-1.035098339013531,0.0,0.0,-1.035098339013532,-1.035098339013531,0.0,0.0,0.0,0.0,1.2061535195691342,0.9373328536826598,0.7568892626614564,0.0,78.45
1.494876976534156,0.0,0.0,0.0,0.0,-1.035098339013532,-1.035098339013531,0.0,-0.7845944728611806,0.6106065606951864,-0.9474413219283414,0.9109621202299403,-0.5107539184552492,0.7817359599705715,-0.4564354645876384,0.0,0.0,0.7577118263959945,-0.7615829436171612,-0.7254762501100118,1.4907119849998598,-0.7254762501100117,-0.6172133998483676,-0.4,1.1094003924504583,-0.4,-0.7254762501100118,1.4907119849998598,-0.27216552697590873,-0.2721655269759087,-0.2721655269759087,-0.2721655269759087,-0.2721655269759087,-0.7109331754221181,0.0,0.0,-1.035098339013532,-1.035098339013531,0.0,0.0,-1.035098339013532,-1.035098339013531,0.0,0.0,0.0,0.0,0.7577118263959945,-0.7615829436171612,-0.0873333764609374,0.0,2.41
0.4700204205178317,0.0,0.0,0.0,0.0,-1.035098339013532,-1.035098339013531,0.0,1.512709814799403,-0.10376421183520185,1.0778425865862327,-0.002143594999242072,1.957890020745122,-1.2792042981336627,-0.4564354645876384,0.0,0.0,-1.4844966394697034,1.7867907523325703,-0.7254762501100118,1.4907119849998598,-0.7254762501100117,1.620185174601965,-0.4,-0.9013878188659974,-0.4,-0.7254762501100118,1.4907119849998598,-0.27216552697590873,-0.2721655269759087,-0.2721655269759087,-0.2721655269759087,-0.2721655269759087,-0.7109331754221181,0.0,0.0,-1.035098339013532,-1.035098339013531,0.0,0.0,-1.035098339013532,-1.035098339013531,0.0,0.0,0.0,0.0,-1.4844966394697034,1.7867907523325703,-1.2129635619574624,0.0,76.88
-0.2473791686935954,0.0,0.0,0.0,0.0,-1.035098339013532,-1.035098339013531,0.0,-0.8255093582739953,0.6968945669087994,-0.9756624911453476,-0.04679639260692603,-0.5107539184552492,0.7817359599705715,-0.4564354645876384,0.0,0.0,0.3092701332228549,-0.3368539942922059,-0.7254762501100118,1.4907119849998598,-0.7254762501100117,-0.6172133998483676,-0.4,1.1094003924504583,-0.4,-0.7254762501100118,1.4907119849998598,-0.27216552697590873,-0.2721655269759087,-0.2721655269759087,-0.2721655269759087,-0.2721655269759087,-0.7109331754221181,0.0,0.0,-1.035098339013532,-1.035098339013531,0.0,0.0,-1.035098339013532,-1.035098339013531,0.0,0.0,0.0,0.0,0.3092701332228549,-0.3368539942922059,0.4754817162873251,0.0,2.48
-0.34986482429522786,0.0,0.0,0.0,0.0,0.9660917830792951,0.9660917830792961,0.0,0.9127079890809917,-0.05328279323404052,0.5200594773559893,0.0018182208703435645,-0.5107539184552492,0.7817359599705715,-0.4564354645876384,0.0,0.0,1.2061535195691342,0.9373328536826598,-0.7254762501100118,1.4907119849998598,-0.7254762501100117,1.620185174601965,-0.4,-0.9013878188659974,-0.4,-0.7254762501100118,1.4907119849998598,-0.27216552697590873,-0.2721655269759087,-0.2721655269759087,-0.2721655269759087,-0.2721655269759087,-0.7109331754221181,0.0,0.0,0.9660917830792951,0.9660917830792961,0.0,0.0,0.9660917830792951,0.9660917830792961,0.0,0.0,0.0,0.0,1.2061535195691342,0.9373328536826598,0.7568892626614564,0.0,78.6
1.494876976534156,0.0,0.0,0.0,0.0,0.9660917830792951,0.9660917830792961,0.0,-0.784178671180156,0.6229334187257026,-0.9474413219283414,0.9226411217713498,-0.5107539184552492,0.7817359599705715,-0.4564354645876384,0.0,0.0,0.7577118263959945,-0.7615829436171612,-0.7254762501100118,1.4907119849998598,-0.7254762501100117,-0.6172133998483676,-0.4,1.1094003924504583,-0.4,-0.7254762501100118,1.4907119849998598,-0.27216552697590873,-0.2721655269759087,-0.2721655269759087,-0.2721655269759087,-0.2721655269759087,-0.7109331754221181,0.0,0.0,0.9660917830792951,0.9660917830792961,0.0,0.0,0.9660917830792951,0.9660917830792961,0.0,0.0,0.0,0.0,0.7577118263959945,-0.7615829436171612,-0.0873333764609374,0.0,2.42
0.4700204205178317,0.0,0.0,0.0,0.0,0.9660917830792951,0.9660917830792961,0.0,1.5170757324501607,-0.09965525915836311,1.0778425865862327,0.0013191353841485577,1.957890020745122,-1.2792042981336627,-0.4564354645876384,0.0,0.0,-1.4844966394697034,1.7867907523325703,-0.7254762501100118,1.4907119849998598,-0.7254762501100117,1.620185174601965,-0.4,-0.9013878188659974,-0.4,-0.7254762501100118,1.4907119849998598,-0.27216552697590873,-0.2721655269759087,-0.2721655269759087,-0.2721655269759087,-0.2721655269759087,-0.7109331754221181,0.0,0.0,0.9660917830792951,0.9660917830792961,0.0,0.0,0.9660917830792951,0.9660917830792961,0.0,0.0,0.0,0.0,-1.4844966394697034,1.7867907523325703,-1.2129635619574624,0.0,77.02
-0.2473791686935954,0.0,0.0,0.0,0.0,0.9660917830792951,0.9660917830792961,0.0,-0.8250311863408171,0.7215482829698318,-0.9756624911453476,-0.03182154697270967,-0.5107539184552492,0.7817359599705715,-0.4564354645876384,0.0,0.0,0.3092701332228549,-0.3368539942922059,-0.7254762501100118,1.4907119849998598,-0.7254762501100117,-0.6172133998483676,-0.4,1.1094003924504583,-0.4,-0.7254762501100118,1.4907119849998598,-0.27216552697590873,-0.2721655269759087,-0.2721655269759087,-0.2721655269759087,-0.2721655269759087,-0.7109331754221181,0.0,0.0,0.9660917830792951,0.9660917830792961,0.0,0.0,0.9660917830792951,0.9660917830792961,0.0,0.0,0.0,0.0,0.3092701332228549,-0.3368539942922059,0.4754817162873251,0.0,2.5
-1.4772070359131848,0.0,0.0,0.0,0.0,0.9660917830792951,0.9660917830792961,0.0,-0.8541580940965862,0.9434317275191224,-0.9955833164749993,3.547299889444009,-0.5107539184552492,-1.2792042981336627,2.190890230020664,0.0,0.0,-0.5876132531234243,-1.6110408422670717,-0.7254762501100118,1.4907119849998598,-0.7254762501100117,-0.6172133998483676,-0.4,1.1094003924504583,-0.4,-0.7254762501100118,1.4907119849998598,-0.27216552697590873,-0.2721655269759087,-0.2721655269759087,-0.2721655269759087,-0.2721655269759087,-0.9719086448808704,0.0,0.0,0.9660917830792951,0.9660917830792961,0.0,0.0,0.9660917830792951,0.9660917830792961,0.0,0.0,0.0,0.0,-0.5876132531234243,-1.6110408422670717,0.19407416991319384,0.0,2.68
-0.5548361354984928,0.0,0.0,0.0,0.0,-1.035098339013532,-1.035098339013531,0.0,0.7461794158306635,-0.05768524253065318,0.38061370004842854,-0.0018182208703434249,-0.5107539184552492,0.7817359599705715,-0.4564354645876384,0.0,0.0,1.2061535195691342,0.5126039043577046,-0.7254762501100118,-0.6708203932499369,1.378404875209022,-0.6172133998483676,2.5,-0.9013878188659974,-0.4,-0.7254762501100118,-0.6708203932499369,3.6742346141747677,-0.2721655269759087,-0.2721655269759087,-0.2721655269759087,-0.2721655269759087,1.376870580247899,0.0,0.0,-1.035098339013532,-1.035098339013531,0.0,0.0,-1.035098339013532,-1.035098339013531,0.0,0.0,0.0,0.0,1.2061535195691342,0.5126039043577046,1.0382968090355875,0.0,78.45
2.3147622213472157,0.0,0.0,0.0,0.0,-1.035098339013532,-1.035098339013531,0.0,-0.7645528318357977,-2.2894335392936243,2.3328545823542806,-1.8366620281192785,-0.5107539184552492,0.7817359599705715,-0.4564354645876384,0.0,0.0,0.7577118263959945,-1.1863118929421164,-0.7254762501100118,-0.6708203932499369,1.378404875209022,-0.6172133998483676,-0.4,-0.9013878188659974,2.5,-0.7254762501100118,-0.6708203932499369,-0.27216552697590873,3.674234614174767,-0.2721655269759087,-0.2721655269759087,-0.2721655269759087,1.376870580247899,0.0,0.0,-1.035098339013532,-1.035098339013531,0.0,0.0,-1.035098339013532,-1.035098339013531,0.0,0.0,0.0,0.0,0.7577118263959945,-1.1863118929421164,1.0382968090355875,0.0,2.41
0.4700204205178317,0.0,0.0,0.0,0.0,-1.035098339013532,-1.035098339013531,0.0,1.5133335173209401,-0.10317721859565317,1.0778425865862327,-0.0016489192301860159,1.957890020745122,-1.2792042981336627,-0.4564354645876384,0.0,0.0,-1.4844966394697034,0.5126039043577046,-0.7254762501100118,-0.6708203932499369,1.378404875209022,-0.6172133998483676,2.5,-0.9013878188659974,-0.4,-0.7254762501100118,-0.6708203932499369,-0.27216552697590873,-0.2721655269759087,3.674234614174767,-0.2721655269759087,-0.2721655269759087,1.376870580247899,0.0,0.0,-1.035098339013532,-1.035098339013531,0.0,0.0,-1.035098339013532,-1.035098339013531,0.0,0.0,0.0,0.0,-1.4844966394697034,0.5126039043577046,1.0382968090355875,0.0,76.9
-0.5548361354984928,0.0,0.0,0.0,0.0,-1.035098339013532,-1.035098339013531,0.0,-0.8309563602954168,0.8324900052444771,-0.9806426974777606,0.03556525838126369,-0.5107539184552492,-1.2792042981336627,2.190890230020664,0.0,0.0,0.3092701332228549,-0.3368539942922059,-0.7254762501100118,-0.6708203932499369,1.378404875209022,-0.6172133998483676,-0.4,1.1094003924504583,-0.4,-0.7254762501100118,-0.6708203932499369,-0.27216552697590873,-0.2721655269759087,-0.2721655269759087,3.674234614174767,-0.2721655269759087,1.376870580247899,0.0,0.0,-1.035098339013532,-1.035098339013531,0.0,0.0,-1.035098339013532,-1.035098339013531,0.0,0.0,0.0,0.0,0.3092701332228549,-0.3368539942922059,1.0382968090355875,0.0,2.59
-1.5796926915148173,0.0,0.0,0.0,0.0,-1.035098339013532,-1.035098339013531,0.0,-0.8570479157797066,-2.2818026271794953,-0.31661518648937564,-1.7743763542556785,-0.5107539184552492,-1.2792042981336627,2.190890230020664,0.0,0.0,-0.5876132531234243,-1.6110408422670717,-0.7254762501100118,-0.6708203932499369,1.378404875209022,-0.6172133998483676,-0.4,-0.9013878188659974,2.5,-0.7254762501100118,-0.6708203932499369,-0.27216552697590873,-0.2721655269759087,-0.2721655269759087,-0.2721655269759087,3.674234614174767,1.376870580247899,0.0,0.0,-1.035098339013532,-1.035098339013531,0.0,0.0,-1.035098339013532,-1.035098339013531,0.0,0.0,0.0,0.0,-0.5876132531234243,-1.6110408422670717,1.0382968090355875,0.0,2.67
-0.14489351309196297,0.0,0.0,0.0,0.0,0.9660917830792951,0.9660917830792961,0.0,1.076118049723636,-0.05328279323404052,0.6595052546635501,0.0018182208703435645,-0.5107539184552492,0.7817359599705715,-0.4564354645876384,0.0,0.0,1.2061535195691342,0.5126039043577046,-0.7254762501100118,-0.6708203932499369,1.378404875209022,-0.6172133998483676,2.5,-0.9013878188659974,-0.4,-0.7254762501100118,-0.6708203932499369,3.6742346141747677,-0.2721655269759087,-0.2721655269759087,-0.2721655269759087,-0.2721655269759087,1.376870580247899,0.0,0.0,0.9660917830792951,0.9660917830792961,0.0,0.0,0.9660917830792951,0.9660917830792961,0.0,0.0,0.0,0.0,1.2061535195691342,0.5126039043577046,1.0382968090355875,0.0,78.6
1.494876976534156,0.0,0.0,0.0,0.0,0.9660917830792951,0.9660917830792961,0.0,-0.784178671180156,-2.28914004267385,1.7750714731240371,-1.8363839566540063,-0.5107539184552492,0.7817359599705715,-0.4564354645876384,0.0,0.0,0.7577118263959945,-1.1863118929421164,-0.7254762501100118,-0.6708203932499369,1.378404875209022,-0.6172133998483676,-0.4,-0.9013878188659974,2.5,-0.7254762501100118,-0.6708203932499369,-0.27216552697590873,3.674234614174767,-0.2721655269759087,-0.2721655269759087,-0.2721655269759087,1.376870580247899,0.0,0.0,0.9660917830792951,0.9660917830792961,0.0,0.0,0.9660917830792951,0.9660917830792961,0.0,0.0,0.0,0.0,0.7577118263959945,-1.1863118929421164,1.0382968090355875,0.0,2.42
0.6749917317210966,0.0,0.0,0.0,0.0,0.9660917830792951,0.9660917830792961,0.0,1.6781988838471698,-0.0987747692990405,1.2172883638937935,0.0020611490377322903,1.957890020745122,-1.2792042981336627,-0.4564354645876384,0.0,0.0,-1.4844966394697034,0.5126039043577046,-0.7254762501100118,-0.6708203932499369,1.378404875209022,-0.6172133998483676,2.5,-0.9013878188659974,-0.4,-0.7254762501100118,-0.6708203932499369,-0.27216552697590873,-0.2721655269759087,3.674234614174767,-0.2721655269759087,-0.2721655269759087,1.376870580247899,0.0,0.0,0.9660917830792951,0.9660917830792961,0.0,0.0,0.9660917830792951,0.9660917830792961,0.0,0.0,0.0,0.0,-1.4844966394697034,0.5126039043577046,1.0382968090355875,0.0,77.05
0.06007779811130192,0.0,0.0,0.0,0.0,0.9660917830792951,0.9660917830792961,0.0,-0.8145321938949475,0.8448168632749933,-0.9706822848129348,0.043052681198371884,-0.5107539184552492,-1.2792042981336627,2.190890230020664,0.0,0.0,0.3092701332228549,-0.3368539942922059,-0.7254762501100118,-0.6708203932499369,1.378404875209022,-0.6172133998483676,-0.4,1.1094003924504583,-0.4,-0.7254762501100118,-0.6708203932499369,-0.27216552697590873,-0.2721655269759087,-0.2721655269759087,3.674234614174767,-0.2721655269759087,1.376870580247899,0.0,0.0,0.9660917830792951,0.9660917830792961,0.0,0.0,0.9660917830792951,0.9660917830792961,0.0,0.0,0.0,0.0,0.3092701332228549,-0.3368539942922059,1.0382968090355875,0.0,2.6
-1.3747213803115523,0.0,0.0,0.0,0.0,0.9660917830792951,0.9660917830792961,0.0,-0.8511227418251069,-2.2809221373201725,-0.17716940918181484,-1.7729235351883297,-0.5107539184552492,-1.2792042981336627,2.190890230020664,0.0,0.0,-0.5876132531234243,-1.6110408422670717,-0.7254762501100118,-0.6708203932499369,1.378404875209022,-0.6172133998483676,-0.4,-0.9013878188659974,2.5,-0.7254762501100118,-0.6708203932499369,-0.27216552697590873,-0.2721655269759087,-0.2721655269759087,-0.2721655269759087,3.674234614174767,1.376870580247899,0.0,0.0,0.9660917830792951,0.9660917830792961,0.0,0.0,0.9660917830792951,0.9660917830792961,0.0,0.0,0.0,0.0,-0.5876132531234243,-1.6110408422670717,1.0382968090355875,0.0,2.7
